item_id,mape_chronos2,mape_ma7,mae_chronos2,mae_ma7,rmse_chronos2,rmse_ma7,winner,improvement,improvement_pct,expected_mape_min,expected_mape_max
M5_HOUSEHOLD_1_151_CA_1_evaluation,113.80892857142858,140.22559523809522,3.39,4.021428571428571,4.208696778270986,4.757765081572289,Chronos-2,26.416666666666643,18.83869105480538,20,40
M5_HOUSEHOLD_1_118_CA_1_evaluation,109.94648526077097,169.9546485260771,5.394285714285714,4.857142857142857,7.1274218941453755,5.9521904731427595,Chronos-2,60.00816326530614,35.30833889259507,20,40
